ğŸ“Š EXECUTIVE IMPACT SUMMARY,,,,,
Business Performance Overview | March - May 2025,,,,,
,,,,,
ğŸ’° FINANCIAL HIGHLIGHTS,,,,,
,,,,,
Metric,Value,Status,,,
Total Revenue,2892740,âœ… Strong,,,
Total Orders,1544,âœ… Stable,,,
Order Lines Processed,2800,âœ… On Track,,,
Average Order Value,1874,âœ… Healthy,,,
Revenue Loss (Shortfalls),111048,âŒ Critical - Target <$50K,,,
Revenue Loss Rate,0.037,âš ï¸ Above Target (2%),,,
,,,,,
ğŸ“¦ DELIVERY PERFORMANCE,,,,,
,,,,,
KPI,Actual,Target,Gap,Status,
OTIF Rate,0.486,â‰¥50%,-1.4pp,âš ï¸ Below Target,
On-Time Rate,0.716,â‰¥80%,-8.4pp,âš ï¸ Below Target,
In-Full Rate,0.662,â‰¥75%,-8.8pp,âš ï¸ Below Target,
Volume Fill Rate,0.968,â‰¥95%,+1.8pp,âœ… On Target,
,,,,,
ğŸ“ˆ MONTHLY TREND ANALYSIS,,,,,
,,,,,
Month,Orders,Revenue,OTIF %,Trend,
March,520,954353,0.466,Baseline,
April,487 (-6.3%),"$962,426 (+0.8%)",0.488,â†—ï¸ Improving,
May,537 (+10.3%),"$975,960 (+1.4%)",0.504,â†—ï¸ Improving,
,,,,,
ğŸš¨ CRITICAL ISSUES REQUIRING ACTION,,,,,
,,,,,
Priority,Issue,Impact,Root Cause,Recommended Action,Owner
1,High Revenue Loss ($111K),$111K lost revenue,Delivery shortfalls (3.7%),Implement safety stock buffers,Supply Chain
2,Low OTIF Rate (48.6%),Customer satisfaction risk,Late + incomplete deliveries,Route optimization + supplier SLAs,Operations
3,On-Time Rate Below Target,8.4pp gap vs 80% target,Logistics delays in Dairy,Dedicated Dairy logistics lanes,Logistics
4,In-Full Rate Below Target,8.8pp gap vs 75% target,Inventory forecasting gaps,Improve demand planning accuracy,Planning
,,,,,
âœ… POSITIVE HIGHLIGHTS,,,,,
,,,,,
â€¢,OTIF trending upward: +3.8pp improvement (March 46.6% â†’ May 50.4%),,,,
â€¢,Revenue growing: +2.2% increase over 3-month period,,,,
â€¢,Volume Fill Rate exceeds target at 96.8%,,,,
â€¢,35 active customers with 100% retention rate,,,,
,,,,,
ğŸ¯ EXECUTIVE RECOMMENDATIONS,,,,,
,,,,,
1,Prioritize Dairy category improvements - accounts for 80% of revenue but drives most delivery issues,,,,
2,"Address top 5 underperforming customers (Coolblue, Fairway Market, Lotus Mart) with dedicated account management",,,,
3,Target 55% OTIF by end of Q3 through logistics optimization,,,,
4,Reduce revenue loss to <$75K through inventory buffer strategy,,,,
