ğŸ“Š EXECUTIVE SUMMARY - BUSINESS PERFORMANCE REVIEW,,,,,,,,
Prepared for Leadership Team | Data Period: March - May 2025,,,,,,,,
,,,,,,,,
ğŸ¯ KEY PERFORMANCE INDICATORS,,,,,,,,
,,,,,,,,
Metric,Value,Target,Status,Trend,,,,
Total Revenue,2892740,-,âœ…,â†—ï¸ Growing,,,,
Total Orders,1544,-,âœ…,Stable,,,,
Order Lines,2800,-,âœ…,Stable,,,,
OTIF Rate,0.486,â‰¥50%,âš ï¸ Below Target,â†—ï¸ Improving,,,,
On-Time Rate,0.716,â‰¥80%,âš ï¸ Below Target,Stable,,,,
In-Full Rate,0.662,â‰¥75%,âš ï¸ Below Target,Stable,,,,
Volume Fill Rate,0.968,â‰¥95%,âœ… On Target,Stable,,,,
Revenue Loss,111048,<$50K,âŒ Critical,â†˜ï¸ Improving,,,,
Revenue Loss Rate,0.037,<2%,âš ï¸ Above Target,â†˜ï¸ Improving,,,,
Active Customers,35,-,âœ…,Stable,,,,
Active Products,18,-,âœ…,Stable,,,,
,,,,,,,,
ğŸ“¦ CATEGORY PERFORMANCE,,,,,,,,
,,,,,,,,
Category,Revenue,Share %,OTIF %,Shortfall,Risk Level,,,
Dairy,2299820,0.795,0.477,"16,237 units",ğŸ”´ High,,,
Food,355962,0.123,0.519,"2,686 units",ğŸŸ¡ Medium,,,
Beverages,236958,0.082,0.488,"1,906 units",ğŸŸ¡ Medium,,,
,,,,,,,,
âš ï¸ KEY INSIGHTS,,,,,,,,
,,,,,,,,
1. OTIF BELOW TARGET: Current 48.6% vs 50% target - affecting customer satisfaction,,,,,,,,
2. DAIRY RISK: 79.5% of revenue comes from Dairy but has lowest OTIF (47.7%),,,,,,,,
3. PARTIAL DELIVERIES: Volume fill is 96.8% but In-Full only 66.2% - indicates splitting orders,,,,,,,,
4. REVENUE LEAKAGE: $111K lost (3.7%) due to unfulfilled orders,,,,,,,,
5. LATE DELIVERIES: 28% of orders delivered late - logistics bottleneck,,,,,,,,
6. POSITIVE TREND: OTIF improving month-over-month (March 46.6% â†’ May 50.4%),,,,,,,,
,,,,,,,,
âœ… RECOMMENDATIONS,,,,,,,,
,,,,,,,,
Priority,Action,Expected Impact,Timeline,,,,,
HIGH,Investigate Dairy supply chain - largest revenue with worst OTIF,Improve OTIF by 5-10%,Immediate,,,,,
HIGH,Address partial delivery issues - close gap between volume and in-full,Reduce customer complaints,30 days,,,,,
HIGH,Optimize logistics to reduce 28% late delivery rate,Improve On-Time to 80%+,30 days,,,,,
MEDIUM,Add safety stock buffer for top Dairy products,Reduce shortfall by 50%,60 days,,,,,
MEDIUM,Implement proactive customer communication for delays,Improve satisfaction,30 days,,,,,
LOW,Diversify supplier base to reduce risk,Long-term stability,90 days,,,,,
,,,,,,,,
,,,,,,,,
ğŸ“ˆ OTIF IMPROVEMENT TRACKER - 90 DAY PLAN,,,,,,,,
"Goal: Improve OTIF from 48.6% to 60% | Start Date: Feb 1, 2025 | End Date: May 1, 2025",,,,,,,,
,,,,,,,,
Week,Date Range,Target OTIF %,Actual OTIF %,Variance,Status,Key Actions,,
1,Feb 1-7,0.495,,,â³,"Baseline assessment, identify top 5 Dairy issues",,
2,Feb 8-14,0.504,,,â³,Implement quick wins for late deliveries,,
3,Feb 15-21,0.513,,,â³,Safety stock buffer for top 3 Dairy products,,
4,Feb 22-28,0.521,,,â³,Logistics route optimization Phase 1,,
5,Mar 1-7,0.530,,,â³,Supplier communication improvements,,
6,Mar 8-14,0.539,,,â³,Partial delivery root cause analysis,,
7,Mar 15-21,0.547,,,â³,Implement order consolidation process,,
8,Mar 22-28,0.556,,,â³,Customer communication system launch,,
9,Mar 29-Apr 4,0.565,,,â³,Logistics route optimization Phase 2,,
10,Apr 5-11,0.573,,,â³,Supplier performance reviews,,
11,Apr 12-18,0.582,,,â³,Safety stock expansion to all Dairy,,
12,Apr 19-25,0.591,,,â³,Process refinement and training,,
13,Apr 26-May 1,0.6,,,ğŸ¯,Target achieved - sustain and monitor,,
,,,,,,,,
TRACKING LEGEND:,,,,,,,,
âœ… On Track (Actual â‰¥ Target)  |  âš ï¸ At Risk (0-2% below)  |  âŒ Off Track (>2% below)  |  â³ Pending  |  ğŸ¯ Target Week,,,,,,,,
,,,,,,,,
Monthly_Comparison,,,,,,,,
Month,Orders,Orders Î”%,Revenue,Revenue Î”%,OTIF %,OTIF Î”,OT %,IF %
March,520,-,"$954,353",-,46.6%,-,70.2%,64.5%
April,487,-6.3%,"$962,426",+0.8%,48.8%,+2.3pp,73.1%,66.4%
May,537,+10.3%,"$975,960",+1.4%,50.4%,+1.5pp,71.6%,67.8%
